<environmentvariabledefinition schemaname="lbz_LocobuzzInitialConfigurationURL">
  <defaultvalue>https://locobuzz.com/</defaultvalue>
  <description default="Locobuzz Initial Configuration URL">
    <label description="Locobuzz Initial Configuration URL" languagecode="1033" />
  </description>
  <displayname default="Locobuzz Initial Configuration URL">
    <label description="Locobuzz Initial Configuration URL" languagecode="1033" />
  </displayname>
  <introducedversion>1.0.0.0</introducedversion>
  <iscustomizable>1</iscustomizable>
  <isrequired>0</isrequired>
  <secretstore>0</secretstore>
  <type>100000000</type>
</environmentvariabledefinition>