<ImportExportXml version="9.2.23034.184" SolutionPackageVersion="9.2" languagecode="1033" generatedBy="CrmLive" xmlns:xsi="http://www.w3.org/2001/XMLSchema-instance">
  <SolutionManifest>
    <UniqueName>LocobuzzCustomerService</UniqueName>
    <LocalizedNames>
      <LocalizedName description="Locobuzz Customer Service" languagecode="1033" />
    </LocalizedNames>
    <Descriptions />
    <Version>1.0.0.16</Version>
    <Managed>0</Managed>
    <ConfigurationPage>lbz_/html/LocobuzzConfiguration.html</ConfigurationPage>
    <Publisher>
      <UniqueName>Locobuzz</UniqueName>
      <LocalizedNames>
        <LocalizedName description="Locobuzz" languagecode="1033" />
      </LocalizedNames>
      <Descriptions>
        <Description description="Locobuzz" languagecode="1033" />
      </Descriptions>
      <EMailAddress xsi:nil="true"></EMailAddress>
      <SupportingWebsiteUrl xsi:nil="true"></SupportingWebsiteUrl>
      <CustomizationPrefix>lbz</CustomizationPrefix>
      <CustomizationOptionValuePrefix>79628</CustomizationOptionValuePrefix>
      <Addresses>
        <Address>
          <AddressNumber>1</AddressNumber>
          <AddressTypeCode>1</AddressTypeCode>
          <City xsi:nil="true"></City>
          <County xsi:nil="true"></County>
          <Country xsi:nil="true"></Country>
          <Fax xsi:nil="true"></Fax>
          <FreightTermsCode xsi:nil="true"></FreightTermsCode>
          <ImportSequenceNumber xsi:nil="true"></ImportSequenceNumber>
          <Latitude xsi:nil="true"></Latitude>
          <Line1 xsi:nil="true"></Line1>
          <Line2 xsi:nil="true"></Line2>
          <Line3 xsi:nil="true"></Line3>
          <Longitude xsi:nil="true"></Longitude>
          <Name xsi:nil="true"></Name>
          <PostalCode xsi:nil="true"></PostalCode>
          <PostOfficeBox xsi:nil="true"></PostOfficeBox>
          <PrimaryContactName xsi:nil="true"></PrimaryContactName>
          <ShippingMethodCode>1</ShippingMethodCode>
          <StateOrProvince xsi:nil="true"></StateOrProvince>
          <Telephone1 xsi:nil="true"></Telephone1>
          <Telephone2 xsi:nil="true"></Telephone2>
          <Telephone3 xsi:nil="true"></Telephone3>
          <TimeZoneRuleVersionNumber xsi:nil="true"></TimeZoneRuleVersionNumber>
          <UPSZone xsi:nil="true"></UPSZone>
          <UTCOffset xsi:nil="true"></UTCOffset>
          <UTCConversionTimeZoneCode xsi:nil="true"></UTCConversionTimeZoneCode>
        </Address>
        <Address>
          <AddressNumber>2</AddressNumber>
          <AddressTypeCode>1</AddressTypeCode>
          <City xsi:nil="true"></City>
          <County xsi:nil="true"></County>
          <Country xsi:nil="true"></Country>
          <Fax xsi:nil="true"></Fax>
          <FreightTermsCode xsi:nil="true"></FreightTermsCode>
          <ImportSequenceNumber xsi:nil="true"></ImportSequenceNumber>
          <Latitude xsi:nil="true"></Latitude>
          <Line1 xsi:nil="true"></Line1>
          <Line2 xsi:nil="true"></Line2>
          <Line3 xsi:nil="true"></Line3>
          <Longitude xsi:nil="true"></Longitude>
          <Name xsi:nil="true"></Name>
          <PostalCode xsi:nil="true"></PostalCode>
          <PostOfficeBox xsi:nil="true"></PostOfficeBox>
          <PrimaryContactName xsi:nil="true"></PrimaryContactName>
          <ShippingMethodCode>1</ShippingMethodCode>
          <StateOrProvince xsi:nil="true"></StateOrProvince>
          <Telephone1 xsi:nil="true"></Telephone1>
          <Telephone2 xsi:nil="true"></Telephone2>
          <Telephone3 xsi:nil="true"></Telephone3>
          <TimeZoneRuleVersionNumber xsi:nil="true"></TimeZoneRuleVersionNumber>
          <UPSZone xsi:nil="true"></UPSZone>
          <UTCOffset xsi:nil="true"></UTCOffset>
          <UTCConversionTimeZoneCode xsi:nil="true"></UTCConversionTimeZoneCode>
        </Address>
      </Addresses>
    </Publisher>
    <RootComponents>
      <RootComponent type="1" schemaName="contact" behavior="2" />
      <RootComponent type="1" schemaName="incident" behavior="2" />
      <RootComponent type="1" schemaName="incidentresolution" behavior="2" />
      <RootComponent type="1" schemaName="lbz_errorlog" behavior="0" />
      <RootComponent type="1" schemaName="lbz_locobuzzapiconfiguration" behavior="0" />
      <RootComponent type="1" schemaName="lbz_locobuzzentitymappingconfiguration" behavior="0" />
      <RootComponent type="1" schemaName="lbz_locobuzzmentions" behavior="0" />
      <RootComponent type="1" schemaName="lbz_locobuzzsocialprofiles" behavior="0" />
      <RootComponent type="1" schemaName="lbz_manageaccesscodes" behavior="0" />
      <RootComponent type="1" schemaName="phonetocaseprocess" behavior="0" />
      <RootComponent type="1" schemaName="systemuser" behavior="2" />
      <RootComponent type="9" schemaName="lbz_casestatus" behavior="0" />
      <RootComponent type="9" schemaName="lbz_entitytype" behavior="0" />
      <RootComponent type="9" schemaName="lbz_gender" behavior="0" />
      <RootComponent type="9" schemaName="lbz_mediaenum" behavior="0" />
      <RootComponent type="9" schemaName="lbz_priority" behavior="0" />
      <RootComponent type="9" schemaName="lbz_sentimenttype" behavior="0" />
      <RootComponent type="20" id="{01879f4e-1d7a-ed11-81ac-000d3a5c9aca}" behavior="0" />
      <RootComponent type="20" id="{1a029888-1e7a-ed11-81ac-000d3a5c9aca}" behavior="0" />
      <RootComponent type="20" id="{e3881df1-217a-ed11-81ac-000d3a5c9aca}" behavior="0" />
      <RootComponent type="29" id="{045f9f00-bfda-47d0-90a7-413ebd8bc06c}" behavior="0" />
      <RootComponent type="29" id="{0bec7589-8503-4b67-acbf-6cf39339acb0}" behavior="0" />
      <RootComponent type="29" id="{0ffbcde4-61c1-4355-aa89-aa1d7b2b8792}" behavior="0" />
      <RootComponent type="29" id="{63818f71-806c-4016-9849-d28dfcc6882c}" behavior="0" />
      <RootComponent type="29" id="{987c1e37-7d71-ed11-9561-000d3a5c9aca}" behavior="0" />
      <RootComponent type="29" id="{b62a7428-247d-ed11-81ad-002248d5dd06}" behavior="0" />
      <RootComponent type="29" id="{bd0bd1af-9c7b-ed11-81ad-002248d5df9a}" behavior="0" />
      <RootComponent type="29" id="{fe250f02-247d-ed11-81ad-002248d5df9a}" behavior="0" />
      <RootComponent type="61" schemaName="lbz_/html/LocobuzzConfiguration.html" behavior="0" />
      <RootComponent type="61" schemaName="lbz_/Images/LocobuzzLogo" behavior="0" />
      <RootComponent type="61" schemaName="lbz_/script/Case/LocobuzzCallbackScript" behavior="0" />
      <RootComponent type="62" schemaName="lbz_Locobuzz" behavior="0" />
      <RootComponent type="66" schemaName="lbz_proMX.LocobuzzFormatXML" behavior="0" />
      <RootComponent type="66" schemaName="lbz_proMX.LocobuzzFormDialog" behavior="0" />
      <RootComponent type="80" schemaName="lbz_Locobuzz" behavior="0" />
      <RootComponent type="91" id="{bd3e560b-69f9-4048-acd1-b4ee9d76ef06}" schemaName="proMX.Locobuzz.Plugins, Version=1.0.0.0, Culture=neutral, PublicKeyToken=40b9910241f138e2" behavior="0" />
      <RootComponent type="92" id="{0fd30afc-0a97-ed11-aad1-002248d5dd06}" behavior="0" />
      <RootComponent type="92" id="{1bfdd4cf-d495-ed11-aad1-002248d5dd06}" behavior="0" />
      <RootComponent type="92" id="{8d5352cb-c6b8-ed11-b597-002248d5dd06}" behavior="0" />
      <RootComponent type="92" id="{9136aa75-c7b8-ed11-b597-002248d5dd06}" behavior="0" />
      <RootComponent type="92" id="{97f240e5-c5b8-ed11-b597-002248d5dd06}" behavior="0" />
      <RootComponent type="92" id="{ada9de5e-ee9a-ed11-aad1-002248d5dd06}" behavior="0" />
      <RootComponent type="92" id="{afce0beb-4596-ed11-aad1-002248d5df9a}" behavior="0" />
      <RootComponent type="92" id="{d43ca5cb-c5b8-ed11-b597-002248d5dd06}" behavior="0" />
      <RootComponent type="92" id="{e62f87e3-c6b8-ed11-b597-002248d5dd06}" behavior="0" />
      <RootComponent type="92" id="{fb17d5d8-1897-ed11-aad1-002248d5dd06}" behavior="0" />
    </RootComponents>
    <MissingDependencies>
      <MissingDependency>
        <Required type="1" schemaName="contract" displayName="Contract" solution="msdynce_Service (9.0.5.56)">
          <package>msdynce_ServiceAnchor (9.0.23033.4016)</package>
        </Required>
        <Dependent type="60" displayName="Locobuzz" parentDisplayName="Case" id="{2f2484d8-9070-ed11-9561-000d3a5c9aca}" />
      </MissingDependency>
      <MissingDependency>
        <Required type="1" schemaName="incident" displayName="Case" solution="msdynce_Service (9.0.5.56)">
          <package>msdynce_ServiceAnchor (9.0.23033.4016)</package>
        </Required>
        <Dependent type="1" schemaName="incident" displayName="Case" />
      </MissingDependency>
      <MissingDependency>
        <Required type="1" schemaName="incidentresolution" displayName="Case Resolution" solution="msdynce_Service (9.0.5.56)">
          <package>msdynce_ServiceAnchor (9.0.23033.4016)</package>
        </Required>
        <Dependent type="1" schemaName="incidentresolution" displayName="Case Resolution" />
      </MissingDependency>
      <MissingDependency>
        <Required type="1" schemaName="incidentresolution" displayName="Case Resolution" solution="msdynce_Service (9.0.5.56)">
          <package>msdynce_ServiceAnchor (9.0.23033.4016)</package>
        </Required>
        <Dependent type="2" schemaName="lbz_skipstatuscallback" displayName="SkipStatusCallback" parentSchemaName="incidentresolution" parentDisplayName="Case Resolution" />
      </MissingDependency>
      <MissingDependency>
        <Required type="1" schemaName="knowledgearticleincident" displayName="Knowledge Article Incident" solution="msdynce_Service (9.0.5.56)">
          <package>msdynce_ServiceAnchor (9.0.23033.4016)</package>
        </Required>
        <Dependent type="60" displayName="Locobuzz" parentDisplayName="Case" id="{2f2484d8-9070-ed11-9561-000d3a5c9aca}" />
      </MissingDependency>
      <MissingDependency>
        <Required type="1" schemaName="msdyn_dataanalyticsreport_csrmanager" displayName="Customer Service historical analytics" solution="msdyn_AnalyticsForCS (1.2.23068.3)">
          <package>msdyn_ServiceExtendedAnchor (9.0.23033.4021)</package>
        </Required>
        <Dependent type="80" schemaName="lbz_Locobuzz" displayName="Locobuzz" />
      </MissingDependency>
      <MissingDependency>
        <Required type="1" schemaName="msdyn_dataanalyticsreport_ksinsights" displayName="Knowledge analytics" solution="msdyn_AnalyticsForCS (1.2.23068.3)">
          <package>msdyn_ServiceExtendedAnchor (9.0.23033.4021)</package>
        </Required>
        <Dependent type="80" schemaName="lbz_Locobuzz" displayName="Locobuzz" />
      </MissingDependency>
      <MissingDependency>
        <Required type="1" schemaName="phonetocaseprocess" displayName="Phone To Case Process" solution="msdynce_Service (9.0.5.56)">
          <package>msdynce_ServiceAnchor (9.0.23033.4016)</package>
        </Required>
        <Dependent type="1" schemaName="phonetocaseprocess" displayName="Phone To Case Process" />
      </MissingDependency>
      <MissingDependency>
        <Required type="1" schemaName="phonetocaseprocess" displayName="Phone To Case Process" solution="msdynce_Service (9.0.5.56)">
          <package>msdynce_ServiceAnchor (9.0.23033.4016)</package>
        </Required>
        <Dependent type="29" displayName="Phone to Case Process" id="{0ffbcde4-61c1-4355-aa89-aa1d7b2b8792}" />
      </MissingDependency>
      <MissingDependency>
        <Required type="2" schemaName="blockedprofile" displayName="Blocked Profile" parentSchemaName="incident" parentDisplayName="Case" solution="msdynce_Service (9.0.5.56)">
          <package>msdynce_ServiceAnchor (9.0.23033.4016)</package>
        </Required>
        <Dependent type="60" displayName="Locobuzz" parentDisplayName="Case" id="{2f2484d8-9070-ed11-9561-000d3a5c9aca}" />
      </MissingDependency>
      <MissingDependency>
        <Required type="2" schemaName="casetypecode" displayName="Case Type" parentSchemaName="incident" parentDisplayName="Case" solution="msdynce_Service (9.0.5.56)">
          <package>msdynce_ServiceAnchor (9.0.23033.4016)</package>
        </Required>
        <Dependent type="60" displayName="Locobuzz" parentDisplayName="Case" id="{2f2484d8-9070-ed11-9561-000d3a5c9aca}" />
      </MissingDependency>
      <MissingDependency>
        <Required type="2" schemaName="contractdetailid" displayName="Contract Line" parentSchemaName="incident" parentDisplayName="Case" solution="msdynce_Service (9.0.5.56)">
          <package>msdynce_ServiceAnchor (9.0.23033.4016)</package>
        </Required>
        <Dependent type="60" displayName="Locobuzz" parentDisplayName="Case" id="{2f2484d8-9070-ed11-9561-000d3a5c9aca}" />
      </MissingDependency>
      <MissingDependency>
        <Required type="2" schemaName="contractid" displayName="Contract" parentSchemaName="incident" parentDisplayName="Case" solution="msdynce_Service (9.0.5.56)">
          <package>msdynce_ServiceAnchor (9.0.23033.4016)</package>
        </Required>
        <Dependent type="60" displayName="Locobuzz" parentDisplayName="Case" id="{2f2484d8-9070-ed11-9561-000d3a5c9aca}" />
      </MissingDependency>
      <MissingDependency>
        <Required type="2" schemaName="contractservicelevelcode" displayName="Service Level" parentSchemaName="incident" parentDisplayName="Case" solution="msdynce_Service (9.0.5.56)">
          <package>msdynce_ServiceAnchor (9.0.23033.4016)</package>
        </Required>
        <Dependent type="60" displayName="Locobuzz" parentDisplayName="Case" id="{2f2484d8-9070-ed11-9561-000d3a5c9aca}" />
      </MissingDependency>
      <MissingDependency>
        <Required type="2" schemaName="createdon" displayName="Created On" parentSchemaName="incident" parentDisplayName="Case" solution="msdynce_Service (9.0.5.56)">
          <package>msdynce_ServiceAnchor (9.0.23033.4016)</package>
        </Required>
        <Dependent type="26" schemaName="All Locobuzz Cases" displayName="All Locobuzz Cases" parentSchemaName="incident" parentDisplayName="Case" id="{2b3812ed-9470-ed11-9561-000d3a5c9aca}" />
      </MissingDependency>
      <MissingDependency>
        <Required type="2" schemaName="createdon" displayName="Created On" parentSchemaName="incident" parentDisplayName="Case" solution="msdynce_Service (9.0.5.56)">
          <package>msdynce_ServiceAnchor (9.0.23033.4016)</package>
        </Required>
        <Dependent type="26" schemaName="Locobuzz Resolved Cases" displayName="Locobuzz Resolved Cases" parentSchemaName="incident" parentDisplayName="Case" id="{57489510-9970-ed11-9561-000d3a5c9aca}" />
      </MissingDependency>
      <MissingDependency>
        <Required type="2" schemaName="createdon" displayName="Created On" parentSchemaName="incident" parentDisplayName="Case" solution="msdynce_Service (9.0.5.56)">
          <package>msdynce_ServiceAnchor (9.0.23033.4016)</package>
        </Required>
        <Dependent type="26" schemaName="Locobuzz Active Cases" displayName="Locobuzz Active Cases" parentSchemaName="incident" parentDisplayName="Case" id="{bc373fcf-9570-ed11-9561-000d3a5c9aca}" />
      </MissingDependency>
      <MissingDependency>
        <Required type="2" schemaName="createdon" displayName="Created On" parentSchemaName="incident" parentDisplayName="Case" solution="msdynce_Service (9.0.5.56)">
          <package>msdynce_ServiceAnchor (9.0.23033.4016)</package>
        </Required>
        <Dependent type="26" schemaName="Locobuzz Cancelled Cases" displayName="Locobuzz Cancelled Cases" parentSchemaName="incident" parentDisplayName="Case" id="{f788915e-9970-ed11-9561-000d3a5c9aca}" />
      </MissingDependency>
      <MissingDependency>
        <Required type="2" schemaName="customerid" displayName="Customer" parentSchemaName="incident" parentDisplayName="Case" solution="msdynce_Service (9.0.5.56)">
          <package>msdynce_ServiceAnchor (9.0.23033.4016)</package>
        </Required>
        <Dependent type="26" schemaName="All Locobuzz Cases" displayName="All Locobuzz Cases" parentSchemaName="incident" parentDisplayName="Case" id="{2b3812ed-9470-ed11-9561-000d3a5c9aca}" />
      </MissingDependency>
      <MissingDependency>
        <Required type="2" schemaName="customerid" displayName="Customer" parentSchemaName="incident" parentDisplayName="Case" solution="msdynce_Service (9.0.5.56)">
          <package>msdynce_ServiceAnchor (9.0.23033.4016)</package>
        </Required>
        <Dependent type="26" schemaName="Locobuzz Resolved Cases" displayName="Locobuzz Resolved Cases" parentSchemaName="incident" parentDisplayName="Case" id="{57489510-9970-ed11-9561-000d3a5c9aca}" />
      </MissingDependency>
      <MissingDependency>
        <Required type="2" schemaName="customerid" displayName="Customer" parentSchemaName="incident" parentDisplayName="Case" solution="msdynce_Service (9.0.5.56)">
          <package>msdynce_ServiceAnchor (9.0.23033.4016)</package>
        </Required>
        <Dependent type="26" schemaName="Locobuzz Active Cases" displayName="Locobuzz Active Cases" parentSchemaName="incident" parentDisplayName="Case" id="{bc373fcf-9570-ed11-9561-000d3a5c9aca}" />
      </MissingDependency>
      <MissingDependency>
        <Required type="2" schemaName="customerid" displayName="Customer" parentSchemaName="incident" parentDisplayName="Case" solution="msdynce_Service (9.0.5.56)">
          <package>msdynce_ServiceAnchor (9.0.23033.4016)</package>
        </Required>
        <Dependent type="26" schemaName="Locobuzz Cancelled Cases" displayName="Locobuzz Cancelled Cases" parentSchemaName="incident" parentDisplayName="Case" id="{f788915e-9970-ed11-9561-000d3a5c9aca}" />
      </MissingDependency>
      <MissingDependency>
        <Required type="2" schemaName="customerid" displayName="Customer" parentSchemaName="incident" parentDisplayName="Case" solution="msdynce_Service (9.0.5.56)">
          <package>msdynce_ServiceAnchor (9.0.23033.4016)</package>
        </Required>
        <Dependent type="60" displayName="Locobuzz" parentDisplayName="Case" id="{2f2484d8-9070-ed11-9561-000d3a5c9aca}" />
      </MissingDependency>
      <MissingDependency>
        <Required type="2" schemaName="customerid" displayName="Customer" parentSchemaName="incident" parentDisplayName="Case" solution="msdynce_Service (9.0.5.56)">
          <package>msdynce_ServiceAnchor (9.0.23033.4016)</package>
        </Required>
        <Dependent type="60" displayName="PhoneToCaseProcess" parentDisplayName="Phone To Case Process" id="{9774341b-bb15-44b8-b7fa-2ad3aadefa62}" />
      </MissingDependency>
      <MissingDependency>
        <Required type="2" schemaName="description" displayName="Description" parentSchemaName="incident" parentDisplayName="Case" solution="msdynce_Service (9.0.5.56)">
          <package>msdynce_ServiceAnchor (9.0.23033.4016)</package>
        </Required>
        <Dependent type="60" displayName="Locobuzz" parentDisplayName="Case" id="{2f2484d8-9070-ed11-9561-000d3a5c9aca}" />
      </MissingDependency>
      <MissingDependency>
        <Required type="2" schemaName="escalatedon" displayName="Escalated On" parentSchemaName="incident" parentDisplayName="Case" solution="msdynce_Service (9.0.5.56)">
          <package>msdynce_ServiceAnchor (9.0.23033.4016)</package>
        </Required>
        <Dependent type="60" displayName="Locobuzz" parentDisplayName="Case" id="{2f2484d8-9070-ed11-9561-000d3a5c9aca}" />
      </MissingDependency>
      <MissingDependency>
        <Required type="2" schemaName="existingcase" displayName="Existing Case" parentSchemaName="incident" parentDisplayName="Case" solution="msdynce_Service (9.0.5.56)">
          <package>msdynce_ServiceAnchor (9.0.23033.4016)</package>
        </Required>
        <Dependent type="60" displayName="PhoneToCaseProcess" parentDisplayName="Phone To Case Process" id="{9774341b-bb15-44b8-b7fa-2ad3aadefa62}" />
      </MissingDependency>
      <MissingDependency>
        <Required type="2" schemaName="firstresponsebykpiid" displayName="First Response By KPI" parentSchemaName="incident" parentDisplayName="Case" solution="msdynce_Service (9.0.5.56)">
          <package>msdynce_ServiceAnchor (9.0.23033.4016)</package>
        </Required>
        <Dependent type="60" displayName="Locobuzz" parentDisplayName="Case" id="{2f2484d8-9070-ed11-9561-000d3a5c9aca}" />
      </MissingDependency>
      <MissingDependency>
        <Required type="2" schemaName="firstresponsesent" displayName="First Response Sent" parentSchemaName="incident" parentDisplayName="Case" solution="msdynce_Service (9.0.5.56)">
          <package>msdynce_ServiceAnchor (9.0.23033.4016)</package>
        </Required>
        <Dependent type="60" displayName="Locobuzz" parentDisplayName="Case" id="{2f2484d8-9070-ed11-9561-000d3a5c9aca}" />
      </MissingDependency>
      <MissingDependency>
        <Required type="2" schemaName="followupby" displayName="Follow Up By" parentSchemaName="incident" parentDisplayName="Case" solution="msdynce_Service (9.0.5.56)">
          <package>msdynce_ServiceAnchor (9.0.23033.4016)</package>
        </Required>
        <Dependent type="60" displayName="Locobuzz" parentDisplayName="Case" id="{2f2484d8-9070-ed11-9561-000d3a5c9aca}" />
      </MissingDependency>
      <MissingDependency>
        <Required type="2" schemaName="incidentid" displayName="Case" parentSchemaName="incident" parentDisplayName="Case" solution="msdynce_Service (9.0.5.56)">
          <package>msdynce_ServiceAnchor (9.0.23033.4016)</package>
        </Required>
        <Dependent type="10" schemaName="lbz_lbz_locobuzzmentions_Case_incident" displayName="lbz_lbz_locobuzzmentions_Case_incident" parentSchemaName="incident" parentDisplayName="Case" />
      </MissingDependency>
      <MissingDependency>
        <Required type="2" schemaName="incidentid" displayName="Case" parentSchemaName="incident" parentDisplayName="Case" solution="msdynce_Service (9.0.5.56)">
          <package>msdynce_ServiceAnchor (9.0.23033.4016)</package>
        </Required>
        <Dependent type="26" schemaName="All Locobuzz Cases" displayName="All Locobuzz Cases" parentSchemaName="incident" parentDisplayName="Case" id="{2b3812ed-9470-ed11-9561-000d3a5c9aca}" />
      </MissingDependency>
      <MissingDependency>
        <Required type="2" schemaName="incidentid" displayName="Case" parentSchemaName="incident" parentDisplayName="Case" solution="msdynce_Service (9.0.5.56)">
          <package>msdynce_ServiceAnchor (9.0.23033.4016)</package>
        </Required>
        <Dependent type="26" schemaName="Locobuzz Resolved Cases" displayName="Locobuzz Resolved Cases" parentSchemaName="incident" parentDisplayName="Case" id="{57489510-9970-ed11-9561-000d3a5c9aca}" />
      </MissingDependency>
      <MissingDependency>
        <Required type="2" schemaName="incidentid" displayName="Case" parentSchemaName="incident" parentDisplayName="Case" solution="msdynce_Service (9.0.5.56)">
          <package>msdynce_ServiceAnchor (9.0.23033.4016)</package>
        </Required>
        <Dependent type="26" schemaName="Locobuzz Active Cases" displayName="Locobuzz Active Cases" parentSchemaName="incident" parentDisplayName="Case" id="{bc373fcf-9570-ed11-9561-000d3a5c9aca}" />
      </MissingDependency>
      <MissingDependency>
        <Required type="2" schemaName="incidentid" displayName="Case" parentSchemaName="incident" parentDisplayName="Case" solution="msdynce_Service (9.0.5.56)">
          <package>msdynce_ServiceAnchor (9.0.23033.4016)</package>
        </Required>
        <Dependent type="26" schemaName="Locobuzz Cancelled Cases" displayName="Locobuzz Cancelled Cases" parentSchemaName="incident" parentDisplayName="Case" id="{f788915e-9970-ed11-9561-000d3a5c9aca}" />
      </MissingDependency>
      <MissingDependency>
        <Required type="2" schemaName="incidentid" displayName="Case" parentSchemaName="incident" parentDisplayName="Case" solution="msdynce_Service (9.0.5.56)">
          <package>msdynce_ServiceAnchor (9.0.23033.4016)</package>
        </Required>
        <Dependent type="29" displayName="flow/Case/CallMergeCasesAction" id="{045f9f00-bfda-47d0-90a7-413ebd8bc06c}" />
      </MissingDependency>
      <MissingDependency>
        <Required type="2" schemaName="incidentid" displayName="Case" parentSchemaName="incident" parentDisplayName="Case" solution="msdynce_Service (9.0.5.56)">
          <package>msdynce_ServiceAnchor (9.0.23033.4016)</package>
        </Required>
        <Dependent type="29" displayName="Phone to Case Process" id="{0ffbcde4-61c1-4355-aa89-aa1d7b2b8792}" />
      </MissingDependency>
      <MissingDependency>
        <Required type="2" schemaName="influencescore" displayName="Influence Score" parentSchemaName="incident" parentDisplayName="Case" solution="msdynce_Service (9.0.5.56)">
          <package>msdynce_ServiceAnchor (9.0.23033.4016)</package>
        </Required>
        <Dependent type="60" displayName="Locobuzz" parentDisplayName="Case" id="{2f2484d8-9070-ed11-9561-000d3a5c9aca}" />
      </MissingDependency>
      <MissingDependency>
        <Required type="2" schemaName="isescalated" displayName="Is Escalated" parentSchemaName="incident" parentDisplayName="Case" solution="msdynce_Service (9.0.5.56)">
          <package>msdynce_ServiceAnchor (9.0.23033.4016)</package>
        </Required>
        <Dependent type="60" displayName="Locobuzz" parentDisplayName="Case" id="{2f2484d8-9070-ed11-9561-000d3a5c9aca}" />
      </MissingDependency>
      <MissingDependency>
        <Required type="2" schemaName="kbarticleid" displayName="Knowledge Base Article" parentSchemaName="incident" parentDisplayName="Case" solution="msdynce_Service (9.0.5.56)">
          <package>msdynce_ServiceAnchor (9.0.23033.4016)</package>
        </Required>
        <Dependent type="60" displayName="Locobuzz" parentDisplayName="Case" id="{2f2484d8-9070-ed11-9561-000d3a5c9aca}" />
      </MissingDependency>
      <MissingDependency>
        <Required type="2" schemaName="lastinteraction" displayName="Last Interaction" parentSchemaName="incident" parentDisplayName="Case" solution="msdynce_ServicePatch201911 (9.0.23033.4016)">
          <package>msdynce_ServiceAnchor (9.0.23033.4016)</package>
        </Required>
        <Dependent type="60" displayName="Locobuzz" parentDisplayName="Case" id="{2f2484d8-9070-ed11-9561-000d3a5c9aca}" />
      </MissingDependency>
      <MissingDependency>
        <Required type="2" schemaName="messagetypecode" displayName="Received As" parentSchemaName="incident" parentDisplayName="Case" solution="msdynce_Service (9.0.5.56)">
          <package>msdynce_ServiceAnchor (9.0.23033.4016)</package>
        </Required>
        <Dependent type="60" displayName="Locobuzz" parentDisplayName="Case" id="{2f2484d8-9070-ed11-9561-000d3a5c9aca}" />
      </MissingDependency>
      <MissingDependency>
        <Required type="2" schemaName="ownerid" displayName="Owner" parentSchemaName="incident" parentDisplayName="Case" solution="msdynce_Service (9.0.5.56)">
          <package>msdynce_ServiceAnchor (9.0.23033.4016)</package>
        </Required>
        <Dependent type="26" schemaName="All Locobuzz Cases" displayName="All Locobuzz Cases" parentSchemaName="incident" parentDisplayName="Case" id="{2b3812ed-9470-ed11-9561-000d3a5c9aca}" />
      </MissingDependency>
      <MissingDependency>
        <Required type="2" schemaName="ownerid" displayName="Owner" parentSchemaName="incident" parentDisplayName="Case" solution="msdynce_Service (9.0.5.56)">
          <package>msdynce_ServiceAnchor (9.0.23033.4016)</package>
        </Required>
        <Dependent type="26" schemaName="Locobuzz Resolved Cases" displayName="Locobuzz Resolved Cases" parentSchemaName="incident" parentDisplayName="Case" id="{57489510-9970-ed11-9561-000d3a5c9aca}" />
      </MissingDependency>
      <MissingDependency>
        <Required type="2" schemaName="ownerid" displayName="Owner" parentSchemaName="incident" parentDisplayName="Case" solution="msdynce_Service (9.0.5.56)">
          <package>msdynce_ServiceAnchor (9.0.23033.4016)</package>
        </Required>
        <Dependent type="26" schemaName="Locobuzz Active Cases" displayName="Locobuzz Active Cases" parentSchemaName="incident" parentDisplayName="Case" id="{bc373fcf-9570-ed11-9561-000d3a5c9aca}" />
      </MissingDependency>
      <MissingDependency>
        <Required type="2" schemaName="ownerid" displayName="Owner" parentSchemaName="incident" parentDisplayName="Case" solution="msdynce_Service (9.0.5.56)">
          <package>msdynce_ServiceAnchor (9.0.23033.4016)</package>
        </Required>
        <Dependent type="26" schemaName="Locobuzz Cancelled Cases" displayName="Locobuzz Cancelled Cases" parentSchemaName="incident" parentDisplayName="Case" id="{f788915e-9970-ed11-9561-000d3a5c9aca}" />
      </MissingDependency>
      <MissingDependency>
        <Required type="2" schemaName="ownerid" displayName="Owner" parentSchemaName="incident" parentDisplayName="Case" solution="msdynce_Service (9.0.5.56)">
          <package>msdynce_ServiceAnchor (9.0.23033.4016)</package>
        </Required>
        <Dependent type="29" displayName="Phone to Case Process" id="{0ffbcde4-61c1-4355-aa89-aa1d7b2b8792}" />
      </MissingDependency>
      <MissingDependency>
        <Required type="2" schemaName="ownerid" displayName="Owner" parentSchemaName="incident" parentDisplayName="Case" solution="msdynce_Service (9.0.5.56)">
          <package>msdynce_ServiceAnchor (9.0.23033.4016)</package>
        </Required>
        <Dependent type="60" displayName="Locobuzz" parentDisplayName="Case" id="{2f2484d8-9070-ed11-9561-000d3a5c9aca}" />
      </MissingDependency>
      <MissingDependency>
        <Required type="2" schemaName="ownerid" displayName="Owner" parentSchemaName="incident" parentDisplayName="Case" solution="msdynce_Service (9.0.5.56)">
          <package>msdynce_ServiceAnchor (9.0.23033.4016)</package>
        </Required>
        <Dependent type="60" displayName="PhoneToCaseProcess" parentDisplayName="Phone To Case Process" id="{9774341b-bb15-44b8-b7fa-2ad3aadefa62}" />
      </MissingDependency>
      <MissingDependency>
        <Required type="2" schemaName="ownerid" displayName="Owner" parentSchemaName="incident" parentDisplayName="Case" solution="msdynce_Service (9.0.5.56)">
          <package>msdynce_ServiceAnchor (9.0.23033.4016)</package>
        </Required>
        <Dependent type="92" displayName="proMX.Locobuzz.Plugins.incident_Update: Update of incident" id="{0fd30afc-0a97-ed11-aad1-002248d5dd06}" />
      </MissingDependency>
      <MissingDependency>
        <Required type="2" schemaName="ownerid" displayName="Owner" parentSchemaName="incident" parentDisplayName="Case" solution="msdynce_Service (9.0.5.56)">
          <package>msdynce_ServiceAnchor (9.0.23033.4016)</package>
        </Required>
        <Dependent type="92" displayName="proMX.Locobuzz.Plugins.incident_Update_OnOwnerChange: Update of incident" id="{9136aa75-c7b8-ed11-b597-002248d5dd06}" />
      </MissingDependency>
      <MissingDependency>
        <Required type="2" schemaName="ownerid" displayName="Owner" parentSchemaName="incident" parentDisplayName="Case" solution="msdynce_Service (9.0.5.56)">
          <package>msdynce_ServiceAnchor (9.0.23033.4016)</package>
        </Required>
        <Dependent type="93" id="{d286a0a6-c7b8-ed11-b597-002248d5dd06}" />
      </MissingDependency>
      <MissingDependency>
        <Required type="2" schemaName="parentcaseid" displayName="Parent Case" parentSchemaName="incident" parentDisplayName="Case" solution="msdynce_Service (9.0.5.56)">
          <package>msdynce_ServiceAnchor (9.0.23033.4016)</package>
        </Required>
        <Dependent type="60" displayName="Locobuzz" parentDisplayName="Case" id="{2f2484d8-9070-ed11-9561-000d3a5c9aca}" />
      </MissingDependency>
      <MissingDependency>
        <Required type="2" schemaName="primarycontactid" displayName="Contact" parentSchemaName="incident" parentDisplayName="Case" solution="msdynce_Service (9.0.5.56)">
          <package>msdynce_ServiceAnchor (9.0.23033.4016)</package>
        </Required>
        <Dependent type="60" displayName="PhoneToCaseProcess" parentDisplayName="Phone To Case Process" id="{9774341b-bb15-44b8-b7fa-2ad3aadefa62}" />
      </MissingDependency>
      <MissingDependency>
        <Required type="2" schemaName="productserialnumber" displayName="Serial Number" parentSchemaName="incident" parentDisplayName="Case" solution="msdynce_Service (9.0.5.56)">
          <package>msdynce_ServiceAnchor (9.0.23033.4016)</package>
        </Required>
        <Dependent type="60" displayName="Locobuzz" parentDisplayName="Case" id="{2f2484d8-9070-ed11-9561-000d3a5c9aca}" />
      </MissingDependency>
      <MissingDependency>
        <Required type="2" schemaName="resolveby" displayName="Resolve By" parentSchemaName="incident" parentDisplayName="Case" solution="msdynce_Service (9.0.5.56)">
          <package>msdynce_ServiceAnchor (9.0.23033.4016)</package>
        </Required>
        <Dependent type="60" displayName="Locobuzz" parentDisplayName="Case" id="{2f2484d8-9070-ed11-9561-000d3a5c9aca}" />
      </MissingDependency>
      <MissingDependency>
        <Required type="2" schemaName="resolvebykpiid" displayName="Resolve By KPI" parentSchemaName="incident" parentDisplayName="Case" solution="msdynce_Service (9.0.5.56)">
          <package>msdynce_ServiceAnchor (9.0.23033.4016)</package>
        </Required>
        <Dependent type="60" displayName="Locobuzz" parentDisplayName="Case" id="{2f2484d8-9070-ed11-9561-000d3a5c9aca}" />
      </MissingDependency>
      <MissingDependency>
        <Required type="2" schemaName="responseby" displayName="First Response By" parentSchemaName="incident" parentDisplayName="Case" solution="msdynce_Service (9.0.5.56)">
          <package>msdynce_ServiceAnchor (9.0.23033.4016)</package>
        </Required>
        <Dependent type="60" displayName="Locobuzz" parentDisplayName="Case" id="{2f2484d8-9070-ed11-9561-000d3a5c9aca}" />
      </MissingDependency>
      <MissingDependency>
        <Required type="2" schemaName="routecase" displayName="Route Case" parentSchemaName="incident" parentDisplayName="Case" solution="msdynce_Service (9.0.5.56)">
          <package>msdynce_ServiceAnchor (9.0.23033.4016)</package>
        </Required>
        <Dependent type="60" displayName="Locobuzz" parentDisplayName="Case" id="{2f2484d8-9070-ed11-9561-000d3a5c9aca}" />
      </MissingDependency>
      <MissingDependency>
        <Required type="2" schemaName="sentimentvalue" displayName="Sentiment Value" parentSchemaName="incident" parentDisplayName="Case" solution="msdynce_Service (9.0.5.56)">
          <package>msdynce_ServiceAnchor (9.0.23033.4016)</package>
        </Required>
        <Dependent type="60" displayName="Locobuzz" parentDisplayName="Case" id="{2f2484d8-9070-ed11-9561-000d3a5c9aca}" />
      </MissingDependency>
      <MissingDependency>
        <Required type="2" schemaName="socialprofileid" displayName="Social Profile" parentSchemaName="incident" parentDisplayName="Case" solution="msdynce_Service (9.0.5.56)">
          <package>msdynce_ServiceAnchor (9.0.23033.4016)</package>
        </Required>
        <Dependent type="60" displayName="Locobuzz" parentDisplayName="Case" id="{2f2484d8-9070-ed11-9561-000d3a5c9aca}" />
      </MissingDependency>
      <MissingDependency>
        <Required type="2" schemaName="statecode" displayName="Status" parentSchemaName="incident" parentDisplayName="Case" solution="msdynce_Service (9.0.5.56)">
          <package>msdynce_ServiceAnchor (9.0.23033.4016)</package>
        </Required>
        <Dependent type="26" schemaName="All Locobuzz Cases" displayName="All Locobuzz Cases" parentSchemaName="incident" parentDisplayName="Case" id="{2b3812ed-9470-ed11-9561-000d3a5c9aca}" />
      </MissingDependency>
      <MissingDependency>
        <Required type="2" schemaName="statecode" displayName="Status" parentSchemaName="incident" parentDisplayName="Case" solution="msdynce_Service (9.0.5.56)">
          <package>msdynce_ServiceAnchor (9.0.23033.4016)</package>
        </Required>
        <Dependent type="26" schemaName="Locobuzz Resolved Cases" displayName="Locobuzz Resolved Cases" parentSchemaName="incident" parentDisplayName="Case" id="{57489510-9970-ed11-9561-000d3a5c9aca}" />
      </MissingDependency>
      <MissingDependency>
        <Required type="2" schemaName="statecode" displayName="Status" parentSchemaName="incident" parentDisplayName="Case" solution="msdynce_Service (9.0.5.56)">
          <package>msdynce_ServiceAnchor (9.0.23033.4016)</package>
        </Required>
        <Dependent type="26" schemaName="Locobuzz Active Cases" displayName="Locobuzz Active Cases" parentSchemaName="incident" parentDisplayName="Case" id="{bc373fcf-9570-ed11-9561-000d3a5c9aca}" />
      </MissingDependency>
      <MissingDependency>
        <Required type="2" schemaName="statecode" displayName="Status" parentSchemaName="incident" parentDisplayName="Case" solution="msdynce_Service (9.0.5.56)">
          <package>msdynce_ServiceAnchor (9.0.23033.4016)</package>
        </Required>
        <Dependent type="26" schemaName="Locobuzz Cancelled Cases" displayName="Locobuzz Cancelled Cases" parentSchemaName="incident" parentDisplayName="Case" id="{f788915e-9970-ed11-9561-000d3a5c9aca}" />
      </MissingDependency>
      <MissingDependency>
        <Required type="2" schemaName="statecode" displayName="Status" parentSchemaName="incident" parentDisplayName="Case" solution="msdynce_Service (9.0.5.56)">
          <package>msdynce_ServiceAnchor (9.0.23033.4016)</package>
        </Required>
        <Dependent type="60" displayName="Locobuzz" parentDisplayName="Case" id="{2f2484d8-9070-ed11-9561-000d3a5c9aca}" />
      </MissingDependency>
      <MissingDependency>
        <Required type="2" schemaName="statecode" displayName="Status" parentSchemaName="incident" parentDisplayName="Case" solution="msdynce_Service (9.0.5.56)">
          <package>msdynce_ServiceAnchor (9.0.23033.4016)</package>
        </Required>
        <Dependent type="92" displayName="proMX.Locobuzz.Plugins.incident_Update: Update of incident" id="{0fd30afc-0a97-ed11-aad1-002248d5dd06}" />
      </MissingDependency>
      <MissingDependency>
        <Required type="2" schemaName="statuscode" displayName="Status Reason" parentSchemaName="incident" parentDisplayName="Case" solution="msdynce_Service (9.0.5.56)">
          <package>msdynce_ServiceAnchor (9.0.23033.4016)</package>
        </Required>
        <Dependent type="26" schemaName="Locobuzz Resolved Cases" displayName="Locobuzz Resolved Cases" parentSchemaName="incident" parentDisplayName="Case" id="{57489510-9970-ed11-9561-000d3a5c9aca}" />
      </MissingDependency>
      <MissingDependency>
        <Required type="2" schemaName="statuscode" displayName="Status Reason" parentSchemaName="incident" parentDisplayName="Case" solution="msdynce_Service (9.0.5.56)">
          <package>msdynce_ServiceAnchor (9.0.23033.4016)</package>
        </Required>
        <Dependent type="26" schemaName="Locobuzz Active Cases" displayName="Locobuzz Active Cases" parentSchemaName="incident" parentDisplayName="Case" id="{bc373fcf-9570-ed11-9561-000d3a5c9aca}" />
      </MissingDependency>
      <MissingDependency>
        <Required type="2" schemaName="statuscode" displayName="Status Reason" parentSchemaName="incident" parentDisplayName="Case" solution="msdynce_Service (9.0.5.56)">
          <package>msdynce_ServiceAnchor (9.0.23033.4016)</package>
        </Required>
        <Dependent type="26" schemaName="Locobuzz Cancelled Cases" displayName="Locobuzz Cancelled Cases" parentSchemaName="incident" parentDisplayName="Case" id="{f788915e-9970-ed11-9561-000d3a5c9aca}" />
      </MissingDependency>
      <MissingDependency>
        <Required type="2" schemaName="statuscode" displayName="Status Reason" parentSchemaName="incident" parentDisplayName="Case" solution="msdynce_Service (9.0.5.56)">
          <package>msdynce_ServiceAnchor (9.0.23033.4016)</package>
        </Required>
        <Dependent type="60" displayName="Locobuzz" parentDisplayName="Case" id="{2f2484d8-9070-ed11-9561-000d3a5c9aca}" />
      </MissingDependency>
      <MissingDependency>
        <Required type="2" schemaName="statuscode" displayName="Status Reason" parentSchemaName="incident" parentDisplayName="Case" solution="msdynce_Service (9.0.5.56)">
          <package>msdynce_ServiceAnchor (9.0.23033.4016)</package>
        </Required>
        <Dependent type="92" displayName="proMX.Locobuzz.Plugins.incident_Update: Update of incident" id="{0fd30afc-0a97-ed11-aad1-002248d5dd06}" />
      </MissingDependency>
      <MissingDependency>
        <Required type="2" schemaName="subjectid" displayName="Subject" parentSchemaName="incident" parentDisplayName="Case" solution="msdynce_Service (9.0.5.56)">
          <package>msdynce_ServiceAnchor (9.0.23033.4016)</package>
        </Required>
        <Dependent type="60" displayName="Locobuzz" parentDisplayName="Case" id="{2f2484d8-9070-ed11-9561-000d3a5c9aca}" />
      </MissingDependency>
      <MissingDependency>
        <Required type="2" schemaName="ticketnumber" displayName="Case Number" parentSchemaName="incident" parentDisplayName="Case" solution="msdynce_Service (9.0.5.56)">
          <package>msdynce_ServiceAnchor (9.0.23033.4016)</package>
        </Required>
        <Dependent type="26" schemaName="All Locobuzz Cases" displayName="All Locobuzz Cases" parentSchemaName="incident" parentDisplayName="Case" id="{2b3812ed-9470-ed11-9561-000d3a5c9aca}" />
      </MissingDependency>
      <MissingDependency>
        <Required type="2" schemaName="ticketnumber" displayName="Case Number" parentSchemaName="incident" parentDisplayName="Case" solution="msdynce_Service (9.0.5.56)">
          <package>msdynce_ServiceAnchor (9.0.23033.4016)</package>
        </Required>
        <Dependent type="26" schemaName="Locobuzz Resolved Cases" displayName="Locobuzz Resolved Cases" parentSchemaName="incident" parentDisplayName="Case" id="{57489510-9970-ed11-9561-000d3a5c9aca}" />
      </MissingDependency>
      <MissingDependency>
        <Required type="2" schemaName="ticketnumber" displayName="Case Number" parentSchemaName="incident" parentDisplayName="Case" solution="msdynce_Service (9.0.5.56)">
          <package>msdynce_ServiceAnchor (9.0.23033.4016)</package>
        </Required>
        <Dependent type="26" schemaName="Locobuzz Active Cases" displayName="Locobuzz Active Cases" parentSchemaName="incident" parentDisplayName="Case" id="{bc373fcf-9570-ed11-9561-000d3a5c9aca}" />
      </MissingDependency>
      <MissingDependency>
        <Required type="2" schemaName="ticketnumber" displayName="Case Number" parentSchemaName="incident" parentDisplayName="Case" solution="msdynce_Service (9.0.5.56)">
          <package>msdynce_ServiceAnchor (9.0.23033.4016)</package>
        </Required>
        <Dependent type="26" schemaName="Locobuzz Cancelled Cases" displayName="Locobuzz Cancelled Cases" parentSchemaName="incident" parentDisplayName="Case" id="{f788915e-9970-ed11-9561-000d3a5c9aca}" />
      </MissingDependency>
      <MissingDependency>
        <Required type="2" schemaName="ticketnumber" displayName="Case Number" parentSchemaName="incident" parentDisplayName="Case" solution="msdynce_Service (9.0.5.56)">
          <package>msdynce_ServiceAnchor (9.0.23033.4016)</package>
        </Required>
        <Dependent type="60" displayName="Locobuzz" parentDisplayName="Case" id="{2f2484d8-9070-ed11-9561-000d3a5c9aca}" />
      </MissingDependency>
      <MissingDependency>
        <Required type="2" schemaName="title" displayName="Case Title" parentSchemaName="incident" parentDisplayName="Case" solution="msdynce_Service (9.0.5.56)">
          <package>msdynce_ServiceAnchor (9.0.23033.4016)</package>
        </Required>
        <Dependent type="10" schemaName="lbz_lbz_locobuzzmentions_Case_incident" displayName="lbz_lbz_locobuzzmentions_Case_incident" parentSchemaName="incident" parentDisplayName="Case" />
      </MissingDependency>
      <MissingDependency>
        <Required type="2" schemaName="title" displayName="Case Title" parentSchemaName="incident" parentDisplayName="Case" solution="msdynce_Service (9.0.5.56)">
          <package>msdynce_ServiceAnchor (9.0.23033.4016)</package>
        </Required>
        <Dependent type="26" schemaName="All Locobuzz Cases" displayName="All Locobuzz Cases" parentSchemaName="incident" parentDisplayName="Case" id="{2b3812ed-9470-ed11-9561-000d3a5c9aca}" />
      </MissingDependency>
      <MissingDependency>
        <Required type="2" schemaName="title" displayName="Case Title" parentSchemaName="incident" parentDisplayName="Case" solution="msdynce_Service (9.0.5.56)">
          <package>msdynce_ServiceAnchor (9.0.23033.4016)</package>
        </Required>
        <Dependent type="26" schemaName="Locobuzz Resolved Cases" displayName="Locobuzz Resolved Cases" parentSchemaName="incident" parentDisplayName="Case" id="{57489510-9970-ed11-9561-000d3a5c9aca}" />
      </MissingDependency>
      <MissingDependency>
        <Required type="2" schemaName="title" displayName="Case Title" parentSchemaName="incident" parentDisplayName="Case" solution="msdynce_Service (9.0.5.56)">
          <package>msdynce_ServiceAnchor (9.0.23033.4016)</package>
        </Required>
        <Dependent type="26" schemaName="Locobuzz Active Cases" displayName="Locobuzz Active Cases" parentSchemaName="incident" parentDisplayName="Case" id="{bc373fcf-9570-ed11-9561-000d3a5c9aca}" />
      </MissingDependency>
      <MissingDependency>
        <Required type="2" schemaName="title" displayName="Case Title" parentSchemaName="incident" parentDisplayName="Case" solution="msdynce_Service (9.0.5.56)">
          <package>msdynce_ServiceAnchor (9.0.23033.4016)</package>
        </Required>
        <Dependent type="26" schemaName="Locobuzz Cancelled Cases" displayName="Locobuzz Cancelled Cases" parentSchemaName="incident" parentDisplayName="Case" id="{f788915e-9970-ed11-9561-000d3a5c9aca}" />
      </MissingDependency>
      <MissingDependency>
        <Required type="2" schemaName="title" displayName="Case Title" parentSchemaName="incident" parentDisplayName="Case" solution="msdynce_Service (9.0.5.56)">
          <package>msdynce_ServiceAnchor (9.0.23033.4016)</package>
        </Required>
        <Dependent type="29" displayName="flow/Case/CallMergeCasesAction" id="{045f9f00-bfda-47d0-90a7-413ebd8bc06c}" />
      </MissingDependency>
      <MissingDependency>
        <Required type="2" schemaName="title" displayName="Case Title" parentSchemaName="incident" parentDisplayName="Case" solution="msdynce_Service (9.0.5.56)">
          <package>msdynce_ServiceAnchor (9.0.23033.4016)</package>
        </Required>
        <Dependent type="29" displayName="Phone to Case Process" id="{0ffbcde4-61c1-4355-aa89-aa1d7b2b8792}" />
      </MissingDependency>
      <MissingDependency>
        <Required type="2" schemaName="title" displayName="Case Title" parentSchemaName="incident" parentDisplayName="Case" solution="msdynce_Service (9.0.5.56)">
          <package>msdynce_ServiceAnchor (9.0.23033.4016)</package>
        </Required>
        <Dependent type="60" displayName="Locobuzz" parentDisplayName="Case" id="{2f2484d8-9070-ed11-9561-000d3a5c9aca}" />
      </MissingDependency>
      <MissingDependency>
        <Required type="2" schemaName="incidentid" displayName="Incident" parentSchemaName="phonetocaseprocess" parentDisplayName="Phone To Case Process" solution="msdynce_Service (9.0.5.56)">
          <package>msdynce_ServiceAnchor (9.0.23033.4016)</package>
        </Required>
        <Dependent type="2" schemaName="incidentid" displayName="Incident" parentSchemaName="phonetocaseprocess" parentDisplayName="Phone To Case Process" />
      </MissingDependency>
      <MissingDependency>
        <Required type="2" schemaName="siteid" displayName="Site" parentSchemaName="systemuser" parentDisplayName="User" solution="msdynce_Service (9.0.5.56)">
          <package>msdynce_ServiceAnchor (9.0.23033.4016)</package>
        </Required>
        <Dependent type="60" displayName="Locobuzz-MainForm" parentDisplayName="User" id="{b6a5ec44-cfdf-4acf-b564-0cfa6e6f8966}" />
      </MissingDependency>
      <MissingDependency>
        <Required type="2" schemaName="territoryid" displayName="Territory" parentSchemaName="systemuser" parentDisplayName="User" solution="msdynce_AppCommon (9.0.4.0066)">
          <package>msdynce_AppCommonAnchor (9.0.23033.10002)</package>
        </Required>
        <Dependent type="60" displayName="Locobuzz-MainForm" parentDisplayName="User" id="{b6a5ec44-cfdf-4acf-b564-0cfa6e6f8966}" />
      </MissingDependency>
      <MissingDependency>
        <Required type="26" schemaName="My Active Cases" displayName="My Active Cases" parentSchemaName="incident" parentDisplayName="Case" solution="msdynce_Service (9.0.5.56)" id="{00000000-0000-0000-00aa-000010001028}">
          <package>msdynce_ServiceAnchor (9.0.23033.4016)</package>
        </Required>
        <Dependent type="60" displayName="Locobuzz Contact Quick View Form" parentDisplayName="Contact" id="{b4b1ed97-e59b-ed11-aad1-002248d5df9a}" />
      </MissingDependency>
      <MissingDependency>
        <Required type="26" schemaName="Associated Knowledge Records View" displayName="Associated Knowledge Records View" parentSchemaName="knowledgearticleincident" parentDisplayName="Knowledge Article Incident" solution="msdynce_Service (9.0.5.56)" id="{4ce7d553-9bba-4d8f-b209-899af9d3937c}">
          <package>msdynce_ServiceAnchor (9.0.23033.4016)</package>
        </Required>
        <Dependent type="60" displayName="Locobuzz" parentDisplayName="Case" id="{2f2484d8-9070-ed11-9561-000d3a5c9aca}" />
      </MissingDependency>
      <MissingDependency>
        <Required type="26" schemaName="Active Contracts" displayName="Active Contracts" parentSchemaName="contract" parentDisplayName="Contract" solution="msdynce_Service (9.0.5.56)" id="{646de3ee-ebfb-4d19-8a44-4a619505e188}">
          <package>msdynce_ServiceAnchor (9.0.23033.4016)</package>
        </Required>
        <Dependent type="60" displayName="Locobuzz" parentDisplayName="Case" id="{2f2484d8-9070-ed11-9561-000d3a5c9aca}" />
      </MissingDependency>
      <MissingDependency>
        <Required type="26" schemaName="Associated Cases" displayName="Associated Cases" parentSchemaName="incident" parentDisplayName="Case" solution="msdynce_Service (9.0.5.56)" id="{72210bbb-d9d5-42df-8efd-39395a3cd7a7}">
          <package>msdynce_ServiceAnchor (9.0.23033.4016)</package>
        </Required>
        <Dependent type="60" displayName="Locobuzz" parentDisplayName="Case" id="{2f2484d8-9070-ed11-9561-000d3a5c9aca}" />
      </MissingDependency>
      <MissingDependency>
        <Required type="26" schemaName="Contract Line With Allotments" displayName="Contract Line With Allotments" parentSchemaName="contractdetail" parentDisplayName="Contract Line" solution="msdynce_Service (9.0.5.56)" id="{8fa2705c-7e4c-4c0e-b611-4593b35a4c9e}">
          <package>msdynce_ServiceAnchor (9.0.23033.4016)</package>
        </Required>
        <Dependent type="60" displayName="Locobuzz" parentDisplayName="Case" id="{2f2484d8-9070-ed11-9561-000d3a5c9aca}" />
      </MissingDependency>
      <MissingDependency>
        <Required type="26" schemaName="Case Lookup View" displayName="Case Lookup View" parentSchemaName="incident" parentDisplayName="Case" solution="msdynce_Service (9.0.5.56)" id="{9ac51863-58c7-49a0-adcc-afd9a4c3ee59}">
          <package>msdynce_ServiceAnchor (9.0.23033.4016)</package>
        </Required>
        <Dependent type="60" displayName="Locobuzz" parentDisplayName="Locobuzz Mentions" id="{b3a132d5-0d83-4a93-85d0-5a500eee1e44}" />
      </MissingDependency>
      <MissingDependency>
        <Required type="29" displayName="Phone to Case Process" solution="msdynce_Service (9.0.5.56)" id="{0ffbcde4-61c1-4355-aa89-aa1d7b2b8792}">
          <package>msdynce_ServiceAnchor (9.0.23033.4016)</package>
        </Required>
        <Dependent type="29" displayName="Phone to Case Process" id="{0ffbcde4-61c1-4355-aa89-aa1d7b2b8792}" />
      </MissingDependency>
      <MissingDependency>
        <Required type="59" schemaName="Active Cases by Agent" displayName="Active Cases by Agent" parentSchemaName="incident" parentDisplayName="Case" solution="msdynce_Service (9.0.5.56)" id="{4143b74e-4a07-4d01-9ffe-2cdcaa4208fd}">
          <package>msdynce_ServiceAnchor (9.0.23033.4016)</package>
        </Required>
        <Dependent type="60" displayName="Locobuzz" parentDisplayName="Case" id="{2f2484d8-9070-ed11-9561-000d3a5c9aca}" />
      </MissingDependency>
      <MissingDependency>
        <Required type="59" schemaName="Active Cases by Agent" displayName="Active Cases by Agent" parentSchemaName="incident" parentDisplayName="Case" solution="msdynce_Service (9.0.5.56)" id="{4143b74e-4a07-4d01-9ffe-2cdcaa4208fd}">
          <package>msdynce_ServiceAnchor (9.0.23033.4016)</package>
        </Required>
        <Dependent type="60" displayName="Locobuzz Contact Quick View Form" parentDisplayName="Contact" id="{b4b1ed97-e59b-ed11-aad1-002248d5df9a}" />
      </MissingDependency>
      <MissingDependency>
        <Required type="60" displayName="Resolve By SLA" parentDisplayName="SLA KPI Instance" solution="msdynce_ServiceLevelAgreement (9.0.23033.4009)" id="{19b14c51-3d43-4d56-ab34-49c540bf468c}">
          <package>msdynce_ServiceLevelAgreementAnchor (9.0.23033.4009)</package>
        </Required>
        <Dependent type="60" displayName="Locobuzz" parentDisplayName="Case" id="{2f2484d8-9070-ed11-9561-000d3a5c9aca}" />
      </MissingDependency>
      <MissingDependency>
        <Required type="60" displayName="contact card" parentDisplayName="Contact" solution="msdynce_AppCommon (9.0.4.0066)" id="{707fc57b-c5e6-471b-a180-e37ed28a38e2}">
          <package>msdynce_AppCommonAnchor (9.0.23033.10002)</package>
        </Required>
        <Dependent type="60" displayName="Locobuzz" parentDisplayName="Case" id="{2f2484d8-9070-ed11-9561-000d3a5c9aca}" />
      </MissingDependency>
      <MissingDependency>
        <Required type="60" displayName="Social Profiles" parentDisplayName="Contact" solution="msdynce_AppCommon (9.0.4.0066)" id="{7bb87dfd-ec3e-4ed9-8e3e-5725d3067295}">
          <package>msdynce_AppCommonAnchor (9.0.23033.10002)</package>
        </Required>
        <Dependent type="80" schemaName="lbz_Locobuzz" displayName="Locobuzz" />
      </MissingDependency>
      <MissingDependency>
        <Required type="60" displayName="Case Quick Create" parentDisplayName="Case" solution="msdynce_Service (9.0.5.56)" id="{8e10b902-0b3e-441c-8b12-88e6c1793848}">
          <package>msdynce_ServiceAnchor (9.0.23033.4016)</package>
        </Required>
        <Dependent type="80" schemaName="lbz_Locobuzz" displayName="Locobuzz" />
      </MissingDependency>
      <MissingDependency>
        <Required type="60" displayName="Case Reference Panel" parentDisplayName="Case" solution="msdynce_Service (9.0.5.56)" id="{8ed8553f-b520-4fe3-b2e7-59eef8301486}">
          <package>msdynce_ServiceAnchor (9.0.23033.4016)</package>
        </Required>
        <Dependent type="80" schemaName="lbz_Locobuzz" displayName="Locobuzz" />
      </MissingDependency>
      <MissingDependency>
        <Required type="60" displayName="PhoneToCaseProcess" parentDisplayName="Phone To Case Process" solution="msdynce_Service (9.0.5.56)" id="{9774341b-bb15-44b8-b7fa-2ad3aadefa62}">
          <package>msdynce_ServiceAnchor (9.0.23033.4016)</package>
        </Required>
        <Dependent type="60" displayName="PhoneToCaseProcess" parentDisplayName="Phone To Case Process" id="{9774341b-bb15-44b8-b7fa-2ad3aadefa62}" />
      </MissingDependency>
      <MissingDependency>
        <Required type="60" displayName="App for Outlook Case Quick Create" parentDisplayName="Case" solution="AppforOutlookPatch (1.2.388)" id="{ac33e173-6502-4816-ab48-c3eefd7be580}" />
        <Dependent type="80" schemaName="lbz_Locobuzz" displayName="Locobuzz" />
      </MissingDependency>
      <MissingDependency>
        <Required type="60" displayName="account card" parentDisplayName="Account" solution="msdynce_AppCommon (9.0.4.0066)" id="{b028db32-3619-48a5-ac51-cf3f947b0ef3}">
          <package>msdynce_AppCommonAnchor (9.0.23033.10002)</package>
        </Required>
        <Dependent type="60" displayName="Locobuzz" parentDisplayName="Case" id="{2f2484d8-9070-ed11-9561-000d3a5c9aca}" />
      </MissingDependency>
      <MissingDependency>
        <Required type="60" displayName="First Response SLA" parentDisplayName="SLA KPI Instance" solution="msdynce_ServiceLevelAgreement (9.0.23033.4009)" id="{ede9dac3-e143-4be4-acc8-237309e31210}">
          <package>msdynce_ServiceLevelAgreementAnchor (9.0.23033.4009)</package>
        </Required>
        <Dependent type="60" displayName="Locobuzz" parentDisplayName="Case" id="{2f2484d8-9070-ed11-9561-000d3a5c9aca}" />
      </MissingDependency>
      <MissingDependency>
        <Required type="60" displayName="Recent Cases and Entitlements" parentDisplayName="Contact" solution="msdynce_AppCommon (9.0.4.0066)" id="{f3b707fb-3b5f-45f9-9c6b-5e573bb5d19e}">
          <package>msdynce_AppCommonAnchor (9.0.23033.10002)</package>
        </Required>
        <Dependent type="80" schemaName="lbz_Locobuzz" displayName="Locobuzz" />
      </MissingDependency>
      <MissingDependency>
        <Required type="60" displayName="Case Quick Create for Multisession" parentDisplayName="Case" solution="msdynce_ServicePatch201911 (9.0.23033.4016)" id="{f43b46e9-17a4-4443-afc4-141d40a46f22}">
          <package>msdynce_ServiceAnchor (9.0.23033.4016)</package>
        </Required>
        <Dependent type="80" schemaName="lbz_Locobuzz" displayName="Locobuzz" />
      </MissingDependency>
      <MissingDependency>
        <Required type="61" schemaName="cc_MsdynmktControls.FormRenderer.FormRenderer/assets/error.svg" displayName="cc_MsdynmktControls.FormRenderer.FormRenderer/assets/error.svg" solution="DynamicsMKT_SharedMarketingControls (1.1.21017.52)">
          <package>DynamicsMKT_CxpSalesAnchorSolution (1.1.21017.56)</package>
          <package>msdyn_ServiceExtendedAnchor (9.0.23033.4021)</package>
        </Required>
        <Dependent type="62" schemaName="lbz_Locobuzz" />
      </MissingDependency>
      <MissingDependency>
        <Required type="61" schemaName="msdyn_/Images/Area_Default_Icon.png" displayName="msdyn_/Images/Area_Default_Icon.png" solution="AppModuleWebResources (2.5)" />
        <Dependent type="62" schemaName="lbz_Locobuzz" />
      </MissingDependency>
      <MissingDependency>
        <Required type="61" schemaName="msdyn_/IoT/Images/SVG/IoTFieldMapping/IoTFieldMapping.svg" displayName="msdyn_/IoT/Images/SVG/IoTFieldMapping/IoTFieldMapping.svg" solution="IoTConnector (1.8.9.7)">
          <package>msdynce_ServiceAnchor (9.0.23033.4016)</package>
        </Required>
        <Dependent type="62" schemaName="lbz_Locobuzz" />
      </MissingDependency>
      <MissingDependency>
        <Required type="61" schemaName="msdyn_capacityprofileSubgridActions.js" displayName="msdyn_capacityprofileSubgridActions.js" solution="OCBaseURBase (1.0.0.3923)">
          <package>UnifiedRoutingPrimeAnchor (1.5.16.6508)</package>
        </Required>
        <Dependent type="60" displayName="Locobuzz-MainForm" parentDisplayName="User" id="{b6a5ec44-cfdf-4acf-b564-0cfa6e6f8966}" />
      </MissingDependency>
      <MissingDependency>
        <Required type="61" schemaName="msdyn_talkingpointsloader.js" displayName="msdyn_talkingpointsloader.js" solution="msdynce_Talkingpoints (9.0.1.701894)">
          <package>msdynce_SalesInsightsAnchor (9.0.23033.10013)</package>
        </Required>
        <Dependent type="60" displayName="Locobuzz" parentDisplayName="Contact" id="{710ddb49-9b70-ed11-9561-000d3a5c9aca}" />
      </MissingDependency>
      <MissingDependency>
        <Required type="61" schemaName="msdyn_userSettings.js" displayName="msdyn_userSettings.js" solution="OmnichannelBase (1.5.0.5997)">
          <package>UnifiedRoutingPrimeAnchor (1.5.16.6508)</package>
        </Required>
        <Dependent type="60" displayName="Locobuzz-MainForm" parentDisplayName="User" id="{b6a5ec44-cfdf-4acf-b564-0cfa6e6f8966}" />
      </MissingDependency>
      <MissingDependency>
        <Required type="61" schemaName="Sales/_imgs/saleAdminSetting/SettingsIcon.svg" displayName="Sales/_imgs/saleAdminSetting/SettingsIcon.svg" solution="msdynce_SalesPatch (9.0.1904.3002)">
          <package>msdynce_SalesAnchor (9.0.23033.10009)</package>
        </Required>
        <Dependent type="62" schemaName="lbz_Locobuzz" />
      </MissingDependency>
      <MissingDependency>
        <Required type="66" schemaName="MscrmControls.CardFeedContainer.CardFeedContainer" displayName="MscrmControls.CardFeedContainer.CardFeedContainer" solution="BaseCustomControlsCore (9.0.2303.4013)" />
        <Dependent type="60" displayName="Locobuzz" parentDisplayName="Case" id="{2f2484d8-9070-ed11-9561-000d3a5c9aca}" />
      </MissingDependency>
      <MissingDependency>
        <Required type="SettingDefinition" displayName="AllowNotificationsEarlyAccess" solution="AppNotifications (10.0.0.13)" id.uniquename="AllowNotificationsEarlyAccess" />
        <Dependent type="AppSetting" displayName="parentappmoduleid.uniquename=lbz_Locobuzz,settingdefinitionid.uniquename=AllowNotificationsEarlyAccess" id.parentappmoduleid.uniquename="lbz_Locobuzz" id.settingdefinitionid.uniquename="AllowNotificationsEarlyAccess" />
      </MissingDependency>
    </MissingDependencies>
  </SolutionManifest>
</ImportExportXml>