<manifest><control namespace="proMX" constructor="LocobuzzFormDialog" version="0.0.37" display-name-key="LocobuzzFormDialog" description-key="LocobuzzFormDialog description" control-type="standard" api-version="1.3.4"><external-service-usage enabled="false" /><property name="locobuzzIdProperty" display-name-key="Locobuzz_Id" description-key="Property_Desc_Key" of-type="SingleLine.Text" usage="bound" required="true" /><resources><code path="bundle.js" order="1" /><css path="css/LocobuzzFormDialog.css" order="1" /><img path="img/locobuzz-logo-1.png" /></resources><feature-usage><uses-feature name="Utility" required="true" /><uses-feature name="WebAPI" required="true" /></feature-usage><built-by name="pac" version="1.19.4" /></control></manifest>