<manifest><control namespace="proMX" constructor="LocobuzzFormatXML" version="0.0.3" display-name-key="LocobuzzFormatXML" description-key="LocobuzzFormatXML description" control-type="standard" api-version="1.3.4"><external-service-usage enabled="false" /><property name="xmlValue" display-name-key="xmlValue" description-key="xmlValue" of-type="SingleLine.TextArea" usage="bound" required="true" /><resources><code path="bundle.js" order="1" /></resources><built-by name="pac" version="1.21.8" /></control></manifest>